ii, x  , y,,,,,,,,,,,,
0,13,258,,,,,,,,,,,,
1,109,190,,,,,,,,,,,,
2,472,343,,,,,,,,,,,,
3,501,343,,,,,,,,,,,,
4,498,284,,,,,,,,,,,,
5,499,312,,,,,,,,,,,,
6,498,257,,,,,,,,,,,,
7,468,256,,,,,,,,,,,,
8,115,50,,,,,,,,,,,,
9,533,314,,,,,,,,,,,,
10,469,286,,,,,,,,,,,,
11,467,232,,,,,,,,,,,,
12,629,245,,,,,,,,,,,,
13,528,256,,,,,,,,,,,,
14,529,283,,,,,,,,,,,,
15,474,369,,,,,,,,,,,,
16,494,230,,,,,,,,,,,,
17,562,254,,,,,,,,,,,,
18,599,283,,,,,,,,,,,,
19,535,344,,,,,,,,,,,,
20,562,282,,,,,,,,,,,,
21,564,312,,,,,,,,,,,,
22,502,369,,,,,,,,,,,,
23,595,253,,,,,,,,,,,,
24,471,312,,,,,,,,,,,,
25,528,228,,,,,,,,,,,,
26,559,226,,,,,,,,,,,,
27,599,315,,,,,,,,,,,,
28,566,343,,,,,,,,,,,,
29,596,382,,,,,,,,,,,,
30,111,133,,,,,,,,,,,,
31,603,346,,,,,,,,,,,,
32,618,382,,,,,,,,,,,,
33,75,30,,,,,,,,,,,,
34,634,307,,,,,,,,,,,,
35,614,281,,,,,,,,,,,,
,,,,,,,,,,,,,,
,,,,,,,,,,,,,,
0,200,283,,,,,,,,,,,,
1,279,286,,,,,,,,,,,,
2,215,269,,,,,,,,,,,,
3,201,257,,,,,,,,,,,,
4,227,283,,,,,,,,,,,,
5,241,270,,,,,,,,,,,,
6,251,286,,,,,,,,,,,,
7,266,287,,,,,,,,,,,,
8,253,258,,,,,,,,,,,,
9,254,271,,,,,,,,,,,,
10,227,258,,,,,,,,,,,,
11,240,246,,,,,,,,,,,,
12,203,229,,,,,,,,,,,,
13,267,272,,,,,,,,,,,,
14,281,259,,,,,,,,,,,,
15,204,242,,,,,,,,,,,,
16,238,283,,,,,,,,,,,,
17,214,284,,,,,,,,,,,,
18,215,244,,,,,,,,,,,,
19,216,258,,,,,,,,,,,,
20,268,247,,,,,,,,,,,,
21,243,233,,,,,,,,,,,,
22,202,270,,,,,,,,,,,,
23,228,272,,,,,,,,,,,,
24,257,205,,,,,,,,,,,,
25,280,275,,,,,,,,,,,,
26,205,216,,,,,,,,,,,,
27,281,208,,,,,,,,,,,,
28,269,234,,,,,,,,,,,,
29,204,204,,,,,,,,,,,,
30,230,232,,,,,,,,,,,,
31,267,221,,,,,,,,,,,,
32,254,233,,,,,,,,,,,,
33,268,205,,,,,,,,,,,,
34,216,218,,,,,,,,,,,,
35,242,204,,,,,,,,,,,,
36,217,203,,,,,,,,,,,,
37,255,218,,,,,,,,,,,,
38,281,248,,,,,,,,,,,,
39,231,217,,,,,,,,,,,,
40,255,246,,,,,,,,,,,,
41,242,218,,,,,,,,,,,,
42,241,259,,,,,,,,,,,,
43,265,258,,,,,,,,,,,,
44,280,234,,,,,,,,,,,,
45,217,231,,,,,,,,,,,,
46,231,204,,,,,,,,,,,,
47,282,221,,,,,,,,,,,,
48,229,245,,,,,,,,,,,,
49,106,139,,,,,,,,,,,,
50,476,349,,,,,,,,,,,,
51,190,254,,,,,,,,,,,,
52,633,370,,,,,,,,,,,,
53,282,194,,,,,,,,,,,,
54,188,281,,,,,,,,,,,,
55,291,273,,,,,,,,,,,,
56,219,191,,,,,,,,,,,,
57,192,202,,,,,,,,,,,,
58,191,228,,,,,,,,,,,,
59,192,217,,,,,,,,,,,,
60,204,191,,,,,,,,,,,,
61,189,270,,,,,,,,,,,,
62,230,192,,,,,,,,,,,,
63,477,446,,,,,,,,,,,,
64,190,243,,,,,,,,,,,,
65,263,298,,,,,,,,,,,,
66,293,235,,,,,,,,,,,,
67,291,262,,,,,,,,,,,,
68,131,131,,,,,,,,,,,,
69,201,294,,,,,,,,,,,,
70,237,297,,,,,,,,,,,,
71,290,289,,,,,,,,,,,,
72,245,192,,,,,,,,,,,,
73,211,295,,,,,,,,,,,,
74,279,299,,,,,,,,,,,,
75,294,220,,,,,,,,,,,,
76,226,296,,,,,,,,,,,,
77,256,193,,,,,,,,,,,,
78,271,194,,,,,,,,,,,,
79,584,321,,,,,,,,,,,,
80,252,298,,,,,,,,,,,,
,,,,,,,,,,,,,,
0,575,159,,,,,,,,,,,,
1,475,127,,,,,,,,,,,,
2,258,338,,,,,,,,,,,,
3,259,307,,,,,,,,,,,,
4,335,337,,,,,,,,,,,,
5,322,337,,,,,,,,,,,,
6,335,324,,,,,,,,,,,,
7,307,321,,,,,,,,,,,,
8,263,244,,,,,,,,,,,,
9,277,290,,,,,,,,,,,,
10,290,307,,,,,,,,,,,,
11,354,245,,,,,,,,,,,,
12,278,259,,,,,,,,,,,,
13,274,323,,,,,,,,,,,,
14,320,321,,,,,,,,,,,,
15,260,276,,,,,,,,,,,,
16,351,338,,,,,,,,,,,,
17,289,338,,,,,,,,,,,,
18,320,308,,,,,,,,,,,,
19,276,244,,,,,,,,,,,,
20,353,324,,,,,,,,,,,,
21,306,337,,,,,,,,,,,,
22,292,292,,,,,,,,,,,,
23,275,274,,,,,,,,,,,,
24,351,278,,,,,,,,,,,,
25,323,275,,,,,,,,,,,,
26,291,321,,,,,,,,,,,,
27,338,291,,,,,,,,,,,,
28,307,292,,,,,,,,,,,,
29,308,260,,,,,,,,,,,,
30,261,320,,,,,,,,,,,,
31,323,293,,,,,,,,,,,,
32,338,262,,,,,,,,,,,,
33,276,336,,,,,,,,,,,,
34,307,308,,,,,,,,,,,,
35,351,291,,,,,,,,,,,,
36,262,292,,,,,,,,,,,,
37,336,306,,,,,,,,,,,,
38,321,247,,,,,,,,,,,,
39,354,263,,,,,,,,,,,,
40,290,277,,,,,,,,,,,,
41,353,308,,,,,,,,,,,,
42,308,277,,,,,,,,,,,,
43,276,307,,,,,,,,,,,,
44,321,260,,,,,,,,,,,,
45,262,261,,,,,,,,,,,,
46,336,275,,,,,,,,,,,,
47,293,262,,,,,,,,,,,,
48,308,245,,,,,,,,,,,,
49,293,246,,,,,,,,,,,,
50,339,247,,,,,,,,,,,,
51,227,197,,,,,,,,,,,,
52,367,278,,,,,,,,,,,,
53,366,322,,,,,,,,,,,,
54,367,291,,,,,,,,,,,,
55,362,126,,,,,,,,,,,,
56,367,309,,,,,,,,,,,,
57,291,352,,,,,,,,,,,,
58,367,340,,,,,,,,,,,,
59,322,231,,,,,,,,,,,,
60,261,230,,,,,,,,,,,,
61,260,352,,,,,,,,,,,,
62,247,261,,,,,,,,,,,,
63,367,248,,,,,,,,,,,,
64,309,231,,,,,,,,,,,,
65,304,352,,,,,,,,,,,,
66,339,231,,,,,,,,,,,,
67,246,304,,,,,,,,,,,,
68,322,353,,,,,,,,,,,,
69,367,261,,,,,,,,,,,,
70,335,353,,,,,,,,,,,,
71,244,336,,,,,,,,,,,,
72,246,274,,,,,,,,,,,,
73,353,133,,,,,,,,,,,,
74,352,231,,,,,,,,,,,,
75,278,230,,,,,,,,,,,,
76,245,322,,,,,,,,,,,,
77,421,465,,,,,,,,,,,,
78,273,352,,,,,,,,,,,,
79,353,353,,,,,,,,,,,,
80,247,244,,,,,,,,,,,,
,314.5061728,285.5802469,,,,,,,,,,,,
######################################,,,,,,,,,,,,,,
dd,,,,,,,,,,,,,,
,,,,,,,,,,,,,,
0,87,2,,,,,,,,,,,,
1,85,27,,,,,,,,,,,,
2,74,37,,,,,,,,,,,,
3,62,4,,,,,,,,,,,,
4,39,28,,,,,,,,,,,,
5,87,38,,,,,,,,,,,,
6,75,15,,,,,,,,,,,,
7,52,16,,,,,,,,,,,,
8,64,14,,,,,,,,,,,,
9,40,3,,,,,,,,,,,,
10,85,50,,,,,,,,,,,,
11,50,40,,,,,,,,,,,,
12,14,29,,,,,,,,,,,,
13,62,51,,,,,,,,,,,,
14,87,15,,,,,,,,,,,,
15,38,76,,,,,,,,,,,,
16,52,3,,,,,,,,,,,,
17,74,4,,,,,,,,,,,,
18,86,72,,,,,,,,,,,,
19,62,27,,,,,,,,,,,,
20,52,26,,,,,,,,,,,,
21,16,5,,,,,,,,,,,,
22,28,15,,,,,,,,,,,,
23,40,50,,,,,,,,,,,,
24,64,73,,,,,,,,,,,,
25,28,39,,,,,,,,,,,,
26,52,61,,,,,,,,,,,,
27,39,16,,,,,,,,,,,,
28,74,27,,,,,,,,,,,,
29,74,50,,,,,,,,,,,,
30,75,61,,,,,,,,,,,,
31,64,39,,,,,,,,,,,,
32,28,5,,,,,,,,,,,,
33,16,17,,,,,,,,,,,,
34,28,27,,,,,,,,,,,,
35,76,71,,,,,,,,,,,,
36,52,51,,,,,,,,,,,,
37,64,62,,,,,,,,,,,,
38,39,39,,,,,,,,,,,,
39,40,62,,,,,,,,,,,,
40,27,63,,,,,,,,,,,,
41,15,40,,,,,,,,,,,,
42,52,73,,,,,,,,,,,,
43,14,53,,,,,,,,,,,,
44,26,51,,,,,,,,,,,,
45,13,65,,,,,,,,,,,,
46,24,78,,,,,,,,,,,,
47,97,49,,,,,,,,,,,,
48,97,4,,,,,,,,,,,,
49,97,36,,,,,,,,,,,,
50,97,26,,,,,,,,,,,,
51,2,28,,,,,,,,,,,,
52,97,72,,,,,,,,,,,,
53,3,4,,,,,,,,,,,,
54,2,18,,,,,,,,,,,,
55,97,16,,,,,,,,,,,,
56,98,61,,,,,,,,,,,,
######################################,,,,,,,,,,,,,,
######################################,,,,,,,,,,,,,,
0,85,4,,,,,,,,,,,,
1,39,28,,,,,,,,,,,,
2,85,27,,,,,,,,,,,,
3,74,14,,,,,,,,,,,,
4,74,37,,,,,,,,,,,,
5,39,4,,,,,,,,,,,,
6,87,38,,,,,,,,,,,,
7,14,29,,,,,,,,,,,,
8,62,4,,,,,,,,,,,,
9,52,16,,,,,,,,,,,,
10,87,49,,,,,,,,,,,,
11,52,39,,,,,,,,,,,,
12,64,16,,,,,,,,,,,,
13,62,51,,,,,,,,,,,,
14,75,4,,,,,,,,,,,,
15,28,16,,,,,,,,,,,,
16,62,27,,,,,,,,,,,,
17,86,72,,,,,,,,,,,,
18,87,15,,,,,,,,,,,,
19,38,76,,,,,,,,,,,,
20,52,61,,,,,,,,,,,,
21,40,50,,,,,,,,,,,,
22,15,5,,,,,,,,,,,,
23,52,26,,,,,,,,,,,,
24,28,39,,,,,,,,,,,,
25,52,3,,,,,,,,,,,,
26,28,27,,,,,,,,,,,,
27,64,73,,,,,,,,,,,,
28,40,16,,,,,,,,,,,,
29,64,39,,,,,,,,,,,,
30,28,4,,,,,,,,,,,,
31,74,50,,,,,,,,,,,,
32,75,60,,,,,,,,,,,,
33,74,27,,,,,,,,,,,,
34,40,62,,,,,,,,,,,,
35,87,59,,,,,,,,,,,,
36,64,62,,,,,,,,,,,,
37,13,54,,,,,,,,,,,,
38,52,51,,,,,,,,,,,,
39,76,71,,,,,,,,,,,,
40,16,17,,,,,,,,,,,,
41,15,40,,,,,,,,,,,,
42,40,39,,,,,,,,,,,,
43,27,63,,,,,,,,,,,,
44,52,73,,,,,,,,,,,,
45,27,52,,,,,,,,,,,,
46,13,65,,,,,,,,,,,,
47,24,78,,,,,,,,,,,,
48,97,4,,,,,,,,,,,,
49,97,49,,,,,,,,,,,,
50,97,26,,,,,,,,,,,,
51,97,36,,,,,,,,,,,,
52,97,72,,,,,,,,,,,,
53,2,28,,,,,,,,,,,,
54,3,4,,,,,,,,,,,,
55,2,18,,,,,,,,,,,,
56,97,16,,,,,,,,,,,,
57,98,61,,,,,,,,,,,,
58,2,40,,,,,,,,,,,,
######################################,,,,,,,,,,,,,,
######################################,,,,,,,,,,,,,,
0,2,28,,,,,,,,,,,,
1,3,4,,,,,,,,,,,,
2,3,15,,,,,,,,,,,,
3,13,54,,,,,,,,,,,,
4,13,65,,,,,,,,,,,,
5,14,29,,,,,,,,,,,,
6,15,5,,,,,,,,,,,,
7,15,40,,,,,,,,,,,,
8,16,17,,,,,,,,,,,,
9,24,78,,,,,,,,,,,,
10,27,16,,,,,,,,,,,,
11,27,4,,,,,,,,,,,,
12,27,63,,,,,,,,,,,,
13,28,39,,,,,,,,,,,,
14,28,27,,,,,,,,,,,,
15,28,51,,,,,,,,,,,,
16,38,76,,,,,,,,,,,,
17,39,28,,,,,,,,,,,,
18,39,4,,,,,,,,,,,,
19,39,16,,,,,,,,,,,,
20,40,50,,,,,,,,,,,,
21,40,39,,,,,,,,,,,,
22,40,62,,,,,,,,,,,,
23,51,62,,,,,,,,,,,,
24,52,16,,,,,,,,,,,,
25,52,39,,,,,,,,,,,,
26,52,3,,,,,,,,,,,,
27,52,26,,,,,,,,,,,,
28,52,51,,,,,,,,,,,,
29,52,73,,,,,,,,,,,,
30,62,4,,,,,,,,,,,,
31,62,27,,,,,,,,,,,,
32,62,16,,,,,,,,,,,,
33,64,49,,,,,,,,,,,,
34,64,72,,,,,,,,,,,,
35,64,39,,,,,,,,,,,,
36,64,62,,,,,,,,,,,,
37,74,37,,,,,,,,,,,,
38,74,15,,,,,,,,,,,,
39,74,50,,,,,,,,,,,,
40,74,27,,,,,,,,,,,,
41,75,4,,,,,,,,,,,,
42,75,61,,,,,,,,,,,,
43,76,71,,,,,,,,,,,,
44,85,4,,,,,,,,,,,,
45,85,27,,,,,,,,,,,,
46,85,50,,,,,,,,,,,,
47,86,72,,,,,,,,,,,,
48,87,15,,,,,,,,,,,,
49,87,38,,,,,,,,,,,,
50,87,61,,,,,,,,,,,,
51,97,4,,,,,,,,,,,,
52,97,36,,,,,,,,,,,,
53,97,59,,,,,,,,,,,,
54,97,49,,,,,,,,,,,,
55,97,26,,,,,,,,,,,,
56,97,72,,,,,,,,,,,,
57,97,16,,,,,,,,,,,,
,,,,,,,,,,,,,,
,,,,,,,,,,,,,,
##,,,,,,,,,,,,,,
,,,,,,,,,,,,,,
0,23,270,,,,,,,,,,,,
1,40,281,,,,,,,,,,,,
2,44,359,,,,,,,,,,,,
3,53,282,,,,,,,,,,,,
4,65,251,,,,,,,,,,,,
5,79,279,,,,,,,,,,,,
6,89,249,,,,,,,,,,,,
7,105,261,,,,,,,,,,,,
8,116,285,,,,,,,,,,,,
9,183,406,,,,,,,,,,,,
10,183,437,,,,,,,,,,,,
11,184,345,,,,,,,,,,,,
12,184,362,,,,,,,,,,,,
13,184,375,,,,,,,,,,,,
14,196,439,,,,,,,,,,,,
15,197,377,,,,,,,,,,,,
16,197,407,,,,,,,,,,,,
17,198,331,,,,,,,,,,,,
18,198,347,,,,,,,,,,,,
19,198,361,,,,,,,,,,,,
20,198,421,,,,,,,,,,,,
21,199,390,,,,,,,,,,,,
22,211,451,,,,,,,,,,,,
23,212,391,,,,,,,,,,,,
24,212,422,,,,,,,,,,,,
25,212,436,,,,,,,,,,,,
26,213,361,,,,,,,,,,,,
27,214,374,,,,,,,,,,,,
28,214,406,,,,,,,,,,,,
29,215,330,,,,,,,,,,,,
30,215,344,,,,,,,,,,,,
31,227,421,,,,,,,,,,,,
32,227,436,,,,,,,,,,,,
33,228,330,,,,,,,,,,,,
34,228,360,,,,,,,,,,,,
35,228,375,,,,,,,,,,,,
36,229,390,,,,,,,,,,,,
37,229,405,,,,,,,,,,,,
38,229,450,,,,,,,,,,,,
39,230,343,,,,,,,,,,,,
40,242,389,,,,,,,,,,,,
41,242,420,,,,,,,,,,,,
42,242,435,,,,,,,,,,,,
43,244,329,,,,,,,,,,,,
44,244,343,,,,,,,,,,,,
45,244,359,,,,,,,,,,,,
46,244,374,,,,,,,,,,,,
47,244,404,,,,,,,,,,,,
48,257,329,,,,,,,,,,,,
49,257,357,,,,,,,,,,,,
50,257,388,,,,,,,,,,,,
51,257,417,,,,,,,,,,,,
52,259,342,,,,,,,,,,,,
53,259,371,,,,,,,,,,,,
54,259,401,,,,,,,,,,,,
55,259,432,,,,,,,,,,,,
56,259,448,,,,,,,,,,,,
57,270,329,,,,,,,,,,,,
58,271,343,,,,,,,,,,,,
59,271,358,,,,,,,,,,,,
60,271,371,,,,,,,,,,,,
61,271,388,,,,,,,,,,,,
62,271,418,,,,,,,,,,,,
63,271,431,,,,,,,,,,,,
64,272,447,,,,,,,,,,,,
65,273,401,,,,,,,,,,,,
66,285,328,,,,,,,,,,,,
67,285,343,,,,,,,,,,,,
68,285,355,,,,,,,,,,,,
69,285,372,,,,,,,,,,,,
70,286,400,,,,,,,,,,,,
71,286,415,,,,,,,,,,,,
72,288,387,,,,,,,,,,,,
73,288,430,,,,,,,,,,,,
74,299,343,,,,,,,,,,,,
75,299,355,,,,,,,,,,,,
76,300,371,,,,,,,,,,,,
77,300,384,,,,,,,,,,,,
78,300,401,,,,,,,,,,,,
79,300,414,,,,,,,,,,,,
80,300,432,,,,,,,,,,,,
######################################,,,,,,,,,,,,,,
######################################,,,,,,,,,,,,,,
0,23,270,,,,,,,,,,,,
1,40,282,,,,,,,,,,,,
2,50,252,,,,,,,,,,,,
3,53,282,,,,,,,,,,,,
4,65,251,,,,,,,,,,,,
5,79,279,,,,,,,,,,,,
6,90,249,,,,,,,,,,,,
7,116,285,,,,,,,,,,,,
8,116,300,,,,,,,,,,,,
9,183,406,,,,,,,,,,,,
10,183,424,,,,,,,,,,,,
11,183,438,,,,,,,,,,,,
12,184,345,,,,,,,,,,,,
13,184,362,,,,,,,,,,,,
14,184,375,,,,,,,,,,,,
15,196,439,,,,,,,,,,,,
16,197,377,,,,,,,,,,,,
17,197,392,,,,,,,,,,,,
18,197,407,,,,,,,,,,,,
19,198,331,,,,,,,,,,,,
20,198,347,,,,,,,,,,,,
21,198,361,,,,,,,,,,,,
22,198,421,,,,,,,,,,,,
23,212,391,,,,,,,,,,,,
24,212,406,,,,,,,,,,,,
25,212,422,,,,,,,,,,,,
26,212,436,,,,,,,,,,,,
27,213,361,,,,,,,,,,,,
28,213,374,,,,,,,,,,,,
29,215,330,,,,,,,,,,,,
30,215,344,,,,,,,,,,,,
31,227,421,,,,,,,,,,,,
32,227,436,,,,,,,,,,,,
33,228,330,,,,,,,,,,,,
34,228,360,,,,,,,,,,,,
35,228,375,,,,,,,,,,,,
36,229,388,,,,,,,,,,,,
37,229,405,,,,,,,,,,,,
38,229,450,,,,,,,,,,,,
39,230,343,,,,,,,,,,,,
40,242,360,,,,,,,,,,,,
41,242,389,,,,,,,,,,,,
42,242,420,,,,,,,,,,,,
43,242,435,,,,,,,,,,,,
44,242,449,,,,,,,,,,,,
45,243,403,,,,,,,,,,,,
46,244,329,,,,,,,,,,,,
47,244,343,,,,,,,,,,,,
48,244,372,,,,,,,,,,,,
49,257,329,,,,,,,,,,,,
50,257,357,,,,,,,,,,,,
51,257,373,,,,,,,,,,,,
52,257,388,,,,,,,,,,,,
53,257,417,,,,,,,,,,,,
54,259,342,,,,,,,,,,,,
55,259,401,,,,,,,,,,,,
56,259,432,,,,,,,,,,,,
57,259,448,,,,,,,,,,,,
58,271,343,,,,,,,,,,,,
59,271,358,,,,,,,,,,,,
60,271,371,,,,,,,,,,,,
61,271,388,,,,,,,,,,,,
62,271,418,,,,,,,,,,,,
63,272,433,,,,,,,,,,,,
64,273,328,,,,,,,,,,,,
65,273,401,,,,,,,,,,,,
66,285,328,,,,,,,,,,,,
67,285,343,,,,,,,,,,,,
68,285,372,,,,,,,,,,,,
69,286,400,,,,,,,,,,,,
70,286,432,,,,,,,,,,,,
71,287,357,,,,,,,,,,,,
72,288,387,,,,,,,,,,,,
73,288,417,,,,,,,,,,,,
74,299,343,,,,,,,,,,,,
75,299,372,,,,,,,,,,,,
76,300,355,,,,,,,,,,,,
77,300,384,,,,,,,,,,,,
78,300,401,,,,,,,,,,,,
79,300,414,,,,,,,,,,,,
80,301,432,,,,,,,,,,,,
######################################,,,,,,,,,,,,,,
######################################,,,,,,,,,,,,,,
0,21,274,,,,,,,,,,,,
1,40,282,19,8,,,,,,,,,,
2,44,359,4,77,,,,,,,,,,
3,53,282,9,-77,,,,,,,,,,
4,65,251,12,-31,,,,,,,,,,
5,79,279,14,28,,,,,,,,,,
6,90,249,11,-30,,,,,,,,,,
7,116,300,26,51,,,,,,,,,,
8,183,406,67,106,,,,,,,,,,
9,183,424,0,18,,,,,,,,,,
10,184,345,1,-79,,,,,,,,,,
11,184,362,0,17,,,,,,,,,,
12,184,375,0,13,,,,,,,,,,
13,184,393,0,18,,,,,,,,,,
14,196,439,12,46,,,,,,,,,,
15,197,377,1,-62,,,,,,,,,,
16,197,407,0,30,,,,,,,,,,
17,198,331,1,-76,,,,,,,,,,
18,198,347,0,16,,,,,,,,,,
19,198,361,0,14,,,,,,,,,,
20,198,421,0,60,,,,,,,,,,
21,198,452,0,31,,,,,,,,,,
22,199,390,1,-62,,,,,,,,,,
23,211,451,12,61,,,,,,,,,,
24,212,391,1,-60,,,,,,,,,,
25,212,422,0,31,,,,,,,,,,
26,212,436,0,14,,,,,,,,,,
27,213,361,1,-75,,,,,,,,,,
28,214,374,1,13,,,,,,,,,,
29,214,404,0,30,,,,,,,,,,
30,215,330,1,-74,,,,,,,,,,
31,215,344,0,14,,,,,,,,,,
32,227,375,12,31,,,,,,,,,,
33,227,388,0,13,,,,,,,,,,
34,227,421,0,33,,,,,,,,,,
35,227,436,0,15,,,,,,,,,,
36,228,330,1,-106,,,,,,,,,,
37,228,345,0,15,,,,,,,,,,
38,228,360,0,15,,,,,,,,,,
39,229,405,1,45,,,,,,,,,,
40,229,450,0,45,,,,,,,,,,
41,242,345,13,-105,,,,,,,,,,
42,242,389,0,44,,,,,,,,,,
43,242,420,0,31,,,,,,,,,,
44,242,435,0,15,,,,,,,,,,
45,244,329,2,-106,,,,,,,,,,
46,244,359,0,30,,,,,,,,,,
47,244,372,0,13,,,,,,,,,,
48,244,404,0,32,,,,,,,,,,
49,257,329,13,-75,,,,,,,,,,
50,257,344,0,15,,,,,,,,,,
51,257,357,0,13,,,,,,,,,,
52,257,403,0,46,,,,,,,,,,
53,257,417,0,14,,,,,,,,,,
54,259,371,2,-46,,,,,,,,,,
55,259,386,0,15,,,,,,,,,,
56,259,432,0,46,,,,,,,,,,
57,259,448,0,16,,,,,,,,,,
58,271,342,12,-106,,,,,,,,,,
59,271,358,0,16,,,,,,,,,,
60,271,371,0,13,,,,,,,,,,
61,271,388,0,17,,,,,,,,,,
62,271,418,0,30,,,,,,,,,,
63,271,431,0,13,,,,,,,,,,
64,273,328,2,-103,,,,,,,,,,
65,273,401,0,73,,,,,,,,,,
66,285,328,12,-73,,,,,,,,,,
67,285,343,0,15,,,,,,,,,,
68,285,372,0,29,,,,,,,,,,
69,286,400,1,28,,,,,,,,,,
70,287,357,1,-43,,,,,,,,,,
71,287,385,0,28,,,,,,,,,,
72,288,417,1,32,,,,,,,,,,
73,288,430,0,13,,,,,,,,,,
74,299,343,11,-87,,,,,,,,,,
75,300,355,1,12,,,,,,,,,,
76,300,371,0,16,,,,,,,,,,
77,300,384,0,13,,,,,,,,,,
78,300,401,0,17,,,,,,,,,,
79,300,414,0,13,,,,,,,,,,
80,301,432,1,18,,,,,,,,,,
,,,,,,,,,,,,,,
,224.5061728,375.7777778,3.5,1.975,,,,,,,,,,
,,,,,,,,,,,,,,
,,,,,,,,,,,,,,
0,23,270,,,,,,,,,,,,
1,40,281,,,,,,,,,,,,
2,44,359,,,,,,,,,,,,
3,53,282,,,,,,,,,,,,
4,65,251,,,,,,,,,,,,
5,79,279,,,,,,,,,,,,
6,89,249,,,,,,,,,,,,
7,105,261,,,,,,,,,,,,
8,116,285,,,,,,,,,,,,
9,183,406,,,,,,,,,,,,
10,183,437,,,,,,,,,,,,
11,184,345,,,,,,,,,,,,
12,184,362,,,,,,,,,,,,
13,184,375,,,,,,,,,,,,
14,196,439,,,,,,,,,,,,
15,197,377,,,,,,,,,,,,
16,197,407,,,,,,,,,,,,
17,198,331,,,,,,,,,,,,
18,198,347,,,,,,,,,,,,
19,198,361,,,,,,,,,,,,
20,198,421,,,,,,,,,,,,
21,199,390,,,,,,,,,,,,
22,211,451,,,,,,,,,,,,
23,212,391,,,,,,,,,,,,
24,212,422,,,,,,,,,,,,
25,212,436,,,,,,,,,,,,
26,213,361,,,,,,,,,,,,
27,214,374,,,,,,,,,,,,
28,214,406,,,,,,,,,,,,
29,215,330,,,,,,,,,,,,
30,215,344,,,,,,,,,,,,
31,227,421,,,,,,,,,,,,
32,227,436,,,,,,,,,,,,
33,228,330,,,,,,,,,,,,
34,228,360,,,,,,,,,,,,
35,228,375,,,,,,,,,,,,
36,229,390,,,,,,,,,,,,
37,229,405,,,,,,,,,,,,
38,229,450,,,,,,,,,,,,
39,230,343,,,,,,,,,,,,
40,242,389,,,,,,,,,,,,
41,242,420,,,,,,,,,,,,
42,242,435,,,,,,,,,,,,
43,244,329,,,,,,,,,,,,
44,244,343,,,,,,,,,,,,
45,244,359,,,,,,,,,,,,
46,244,374,,,,,,,,,,,,
47,244,404,,,,,,,,,,,,
48,257,329,,,,,,,,,,,,
49,257,357,,,,,,,,,,,,
50,257,388,,,,,,,,,,,,
51,257,417,,,,,,,,,,,,
52,259,342,,,,,,,,,,,,
53,259,371,,,,,,,,,,,,
54,259,401,,,,,,,,,,,,
55,259,432,,,,,,,,,,,,
56,259,448,,,,,,,,,,,,
57,270,329,,,,,,,,,,,,
58,271,343,,,,,,,,,,,,
59,271,358,,,,,,,,,,,,
60,271,371,,,,,,,,,,,,
61,271,388,,,,,,,,,,,,
62,271,418,,,,,,,,,,,,
63,271,431,,,,,,,,,,,,
64,272,447,,,,,,,,,,,,
65,273,401,,,,,,,,,,,,
66,285,328,,,,,,,,,,,,
67,285,343,,,,,,,,,,,,
68,285,355,,,,,,,,,,,,
69,285,372,,,,,,,,,,,,
70,286,400,,,,,,,,,,,,
71,286,415,,,,,,,,,,,,
72,288,387,,,,,,,,,,,,
73,288,430,,,,,,,,,,,,
74,299,343,,,,,,,,,,,,
75,299,355,,,,,,,,,,,,
76,300,371,,,,,,,,,,,,
77,300,384,,,,,,,,,,,,
78,300,401,,,,,,,,,,,,
79,300,414,,,,,,,,,,,,
80,300,432,,,,,,,,,,,,
######################################,,,,,,,,,,,,,,
######################################,,,,,,,,,,,,,,
0,23,270,,,,,,,,,,,,
1,40,282,,,,,,,,,,,,
2,50,252,,,,,,,,,,,,
3,53,282,,,,,,,,,,,,
4,65,251,,,,,,,,,,,,
5,79,279,,,,,,,,,,,,
6,90,249,,,,,,,,,,,,
7,116,285,,,,,,,,,,,,
8,116,300,,,,,,,,,,,,
9,183,406,,,,,,,,,,,,
10,183,424,,,,,,,,,,,,
11,183,438,,,,,,,,,,,,
12,184,345,,,,,,,,,,,,
13,184,362,,,,,,,,,,,,
14,184,375,,,,,,,,,,,,
15,196,439,,,,,,,,,,,,
16,197,377,,,,,,,,,,,,
17,197,392,,,,,,,,,,,,
18,197,407,,,,,,,,,,,,
19,198,331,,,,,,,,,,,,
20,198,347,,,,,,,,,,,,
21,198,361,,,,,,,,,,,,
22,198,421,,,,,,,,,,,,
23,212,391,,,,,,,,,,,,
24,212,406,,,,,,,,,,,,
25,212,422,,,,,,,,,,,,
26,212,436,,,,,,,,,,,,
27,213,361,,,,,,,,,,,,
28,213,374,,,,,,,,,,,,
29,215,330,,,,,,,,,,,,
30,215,344,,,,,,,,,,,,
31,227,421,,,,,,,,,,,,
32,227,436,,,,,,,,,,,,
33,228,330,,,,,,,,,,,,
34,228,360,,,,,,,,,,,,
35,228,375,,,,,,,,,,,,
36,229,388,,,,,,,,,,,,
37,229,405,,,,,,,,,,,,
38,229,450,,,,,,,,,,,,
39,230,343,,,,,,,,,,,,
40,242,360,,,,,,,,,,,,
41,242,389,,,,,,,,,,,,
42,242,420,,,,,,,,,,,,
43,242,435,,,,,,,,,,,,
44,242,449,,,,,,,,,,,,
45,243,403,,,,,,,,,,,,
46,244,329,,,,,,,,,,,,
47,244,343,,,,,,,,,,,,
48,244,372,,,,,,,,,,,,
49,257,329,,,,,,,,,,,,
50,257,357,,,,,,,,,,,,
51,257,373,,,,,,,,,,,,
52,257,388,,,,,,,,,,,,
53,257,417,,,,,,,,,,,,
54,259,342,,,,,,,,,,,,
55,259,401,,,,,,,,,,,,
56,259,432,,,,,,,,,,,,
57,259,448,,,,,,,,,,,,
58,271,343,,,,,,,,,,,,
59,271,358,,,,,,,,,,,,
60,271,371,,,,,,,,,,,,
61,271,388,,,,,,,,,,,,
62,271,418,,,,,,,,,,,,
63,272,433,,,,,,,,,,,,
64,273,328,,,,,,,,,,,,
65,273,401,,,,,,,,,,,,
66,285,328,,,,,,,,,,,,
67,285,343,,,,,,,,,,,,
68,285,372,,,,,,,,,,,,
69,286,400,,,,,,,,,,,,
70,286,432,,,,,,,,,,,,
71,287,357,,,,,,,,,,,,
72,288,387,,,,,,,,,,,,
73,288,417,,,,,,,,,,,,
74,299,343,,,,,,,,,,,,
75,299,372,,,,,,,,,,,,
76,300,355,,,,,,,,,,,,
77,300,384,,,,,,,,,,,,
78,300,401,,,,,,,,,,,,
79,300,414,,,,,,,,,,,,
80,301,432,,,,,,,,,,,,
######################################,,,,,,,,,,,,,,
######################################,,,,,,,,,,,,,,
0,21,274,,,,,,,,,,,,
1,40,282,,,,,,,,,,,,
2,44,359,,,,,,,,,,,,
3,53,282,,,,,,,,,,,,
4,65,251,,,,,,,,,,,,
5,79,279,,,,,,,,,,,,
6,90,249,,,,,,,,,,,,
7,116,300,,,,,,,,,,,,
8,183,406,,,,,,,,,,,,
9,183,424,,,,,,,,,,,,
10,184,345,,,,,,,,,,,,
11,184,362,,,,,,,,,,,,
12,184,375,,,,,,,,,,,,
13,184,393,,,,,,,,,,,,
14,196,439,,,,,,,,,,,,
15,197,377,,,,,,,,,,,,
16,197,407,,,,,,,,,,,,
17,198,331,,,,,,,,,,,,
18,198,347,,,,,,,,,,,,
19,198,361,,,,,,,,,,,,
20,198,421,,,,,,,,,,,,
21,198,452,,,,,,,,,,,,
22,199,390,,,,,,,,,,,,
23,211,451,,,,,,,,,,,,
24,212,391,,,,,,,,,,,,
25,212,422,,,,,,,,,,,,
26,212,436,,,,,,,,,,,,
27,213,361,,,,,,,,,,,,
28,214,374,,,,,,,,,,,,
29,214,404,,,,,,,,,,,,
30,215,330,,,,,,,,,,,,
31,215,344,,,,,,,,,,,,
32,227,375,,,,,,,,,,,,
33,227,388,,,,,,,,,,,,
34,227,421,,,,,,,,,,,,
35,227,436,,,,,,,,,,,,
36,228,330,,,,,,,,,,,,
37,228,345,,,,,,,,,,,,
38,228,360,,,,,,,,,,,,
39,229,405,,,,,,,,,,,,
40,229,450,,,,,,,,,,,,
41,242,345,,,,,,,,,,,,
42,242,389,,,,,,,,,,,,
43,242,420,,,,,,,,,,,,
44,242,435,,,,,,,,,,,,
45,244,329,,,,,,,,,,,,
46,244,359,,,,,,,,,,,,
47,244,372,,,,,,,,,,,,
48,244,404,,,,,,,,,,,,
49,257,329,,,,,,,,,,,,
50,257,344,,,,,,,,,,,,
51,257,357,,,,,,,,,,,,
52,257,403,,,,,,,,,,,,
53,257,417,,,,,,,,,,,,
54,259,371,,,,,,,,,,,,
55,259,386,,,,,,,,,,,,
56,259,432,,,,,,,,,,,,
57,259,448,,,,,,,,,,,,
58,271,342,,,,,,,,,,,,
59,271,358,,,,,,,,,,,,
60,271,371,,,,,,,,,,,,
61,271,388,,,,,,,,,,,,
62,271,418,,,,,,,,,,,,
63,271,431,,,,,,,,,,,,
64,273,328,,,,,,,,,,,,
65,273,401,,,,,,,,,,,,
66,285,328,,,,,,,,,,,,
67,285,343,,,,,,,,,,,,
68,285,372,,,,,,,,,,,,
69,286,400,,,,,,,,,,,,
70,287,357,,,,,,,,,,,,
71,287,385,,,,,,,,,,,,
72,288,417,,,,,,,,,,,,
73,288,430,,,,,,,,,,,,
74,299,343,,,,,,,,,,,,
75,300,355,,,,,,,,,,,,
76,300,371,,,,,,,,,,,,
77,300,384,,,,,,,,,,,,
78,300,401,,,,,,,,,,,,
79,300,414,,,,,,,,,,,,
80,301,432,,,,,,,,,,,,
,,,,,,,,,,,,,,
,,,,,,,,,,,,,,
,,,,,,,,,,,,,,
######################################,,,,,,,,,,,,,,
0,7,213,-313,,,,,,,,,,,
1,13,378,6,,,,,,,,,,,
2,21,276,8,,,,,,,,,,,
3,31,271,10,,,,,,,,,,,
4,38,359,7,,,,,,,,,,,
5,40,283,2,,,,,,,,,,,
6,49,253,9,,,,,,,,,,,
7,53,283,4,,,,,,,,,,,
8,58,237,5,,,,,,,,,,,
9,65,252,7,,,,,,,,,,,
10,78,257,13,,,,,,,,,,,
11,79,280,1,,,,,,,,,,,
12,89,251,10,,,,,,,,,,,
13,90,433,1,,,,,,,,,,,
14,105,263,15,,,,,,,,,,,
15,110,285,5,,,,,,,,,,,
16,124,284,14,,,,,,,,,,,
17,129,389,5,,,,,,,,,,,
18,136,211,7,,,,,,,,,,,
19,172,391,36,,,,,,,,,,,
20,188,383,16,,,,,,,,,,,
21,190,354,2,,,,,,,,,,,
22,192,320,2,,,,,,,,,,,
23,193,292,1,,,,,,,,,,,
24,194,233,1,,,,,,,,,,,
25,194,260,0,,,,,,,,,,,
26,218,382,24,,,,,,,,,,,
27,219,354,1,,,,,,,,,,,
28,222,233,3,,,,,,,,,,,
29,222,260,0,,,,,,,,,,,
30,223,323,1,,,,,,,,,,,
31,224,290,1,,,,,,,,,,,
32,227,390,3,,,,,,,,,,,
33,233,210,6,,,,,,,,,,,
34,235,199,2,,,,,,,,,,,
35,251,352,16,,,,,,,,,,,
36,252,382,1,,,,,,,,,,,
37,254,292,2,,,,,,,,,,,
38,254,320,0,,,,,,,,,,,
39,255,233,1,,,,,,,,,,,
40,255,260,0,,,,,,,,,,,
41,281,354,26,,,,,,,,,,,
42,281,382,0,,,,,,,,,,,
43,282,320,1,,,,,,,,,,,
44,283,233,1,,,,,,,,,,,
45,283,262,0,,,,,,,,,,,
46,284,290,1,,,,,,,,,,,
47,304,200,20,,,,,,,,,,,
48,307,211,3,,,,,,,,,,,
49,312,323,5,,,,,,,,,,,
50,314,292,2,,,,,,,,,,,
51,314,353,0,,,,,,,,,,,
52,314,382,0,,,,,,,,,,,
53,315,234,1,,,,,,,,,,,
54,315,260,0,,,,,,,,,,,
55,339,234,24,,,,,,,,,,,
56,339,260,0,,,,,,,,,,,
57,339,293,0,,,,,,,,,,,
58,339,320,0,,,,,,,,,,,
59,339,381,0,,,,,,,,,,,
60,340,354,1,,,,,,,,,,,
61,378,383,38,,,,,,,,,,,
62,383,278,5,,,,,,,,,,,
63,433,466,50,,,,,,,,,,,
######################################,,,,,,,,,,,,,,
######################################,,,,,,,,,,,,,,
0,7,213,-313,,,,,,,,,,,
1,13,378,6,,,,,,,,,,,
2,21,276,8,,,,,,,,,,,
3,31,271,10,,,,,,,,,,,
4,37,359,6,,,,,,,,,,,
5,40,283,3,,,,,,,,,,,
6,50,253,10,,,,,,,,,,,
7,53,283,3,,,,,,,,,,,
8,53,342,0,,,,,,,,,,,
9,58,237,5,,,,,,,,,,,
10,65,252,7,,,,,,,,,,,
11,68,276,3,,,,,,,,,,,
12,78,257,10,,,,,,,,,,,
13,79,280,1,,,,,,,,,,,
14,89,251,10,,,,,,,,,,,
15,90,433,1,,,,,,,,,,,
16,105,263,15,,,,,,,,,,,
17,109,285,4,,,,,,,,,,,
18,112,474,3,,,,,,,,,,,
19,124,284,12,,,,,,,,,,,
20,129,389,5,,,,,,,,,,,
21,136,211,7,,,,,,,,,,,
22,172,391,36,,,,,,,,,,,
23,188,383,16,,,,,,,,,,,
24,190,354,2,,,,,,,,,,,
25,192,320,2,,,,,,,,,,,
26,193,292,1,,,,,,,,,,,
27,194,233,1,,,,,,,,,,,
28,194,260,0,,,,,,,,,,,
29,218,382,24,,,,,,,,,,,
30,219,354,1,,,,,,,,,,,
31,222,233,3,,,,,,,,,,,
32,222,260,0,,,,,,,,,,,
33,223,323,1,,,,,,,,,,,
34,224,290,1,,,,,,,,,,,
35,228,389,4,,,,,,,,,,,
36,233,210,5,,,,,,,,,,,
37,235,199,2,,,,,,,,,,,
38,251,352,16,,,,,,,,,,,
39,252,382,1,,,,,,,,,,,
40,253,262,1,,,,,,,,,,,
41,254,292,1,,,,,,,,,,,
42,254,320,0,,,,,,,,,,,
43,255,233,1,,,,,,,,,,,
44,281,382,26,,,,,,,,,,,
45,282,292,1,,,,,,,,,,,
46,282,353,0,,,,,,,,,,,
47,283,233,1,,,,,,,,,,,
48,284,261,1,,,,,,,,,,,
49,284,323,0,,,,,,,,,,,
50,304,200,20,,,,,,,,,,,
51,307,210,3,,,,,,,,,,,
52,312,323,5,,,,,,,,,,,
53,314,292,2,,,,,,,,,,,
54,314,354,0,,,,,,,,,,,
55,314,382,0,,,,,,,,,,,
56,315,234,1,,,,,,,,,,,
57,315,260,0,,,,,,,,,,,
58,339,234,24,,,,,,,,,,,
59,339,260,0,,,,,,,,,,,
60,339,293,0,,,,,,,,,,,
61,339,320,0,,,,,,,,,,,
62,339,381,0,,,,,,,,,,,
63,340,354,1,,,,,,,,,,,
64,378,383,38,,,,,,,,,,,
65,382,216,4,,,,,,,,,,,
66,383,278,1,,,,,,,,,,,
67,434,466,51,,,,,,,,,,,
68,551,17,117,,,,,,,,,,,
######################################,,,,,,,,,,,,,,
######################################,,,,,,,,,,,,,,
0,7,213,-313,,,,,,,,,,,
1,18,382,11,,,,,,,,,,,
2,21,276,3,,,,,,,,,,,
3,31,271,10,,,,,,,,,,,
4,38,359,7,,,,,,,,,,,
5,40,283,2,,,,,,,,,,,
6,50,253,10,,,,,,,,,,,
7,53,283,3,,,,,,,,,,,
8,53,342,0,,,,,,,,,,,
9,58,237,5,,,,,,,,,,,
10,65,252,7,,,,,,,,,,,
11,67,276,2,,,,,,,,,,,
12,78,257,11,,,,,,,,,,,
13,79,280,1,,,,,,,,,,,
14,89,251,10,,,,,,,,,,,
15,90,433,1,,,,,,,,,,,
16,105,263,15,,,,,,,,,,,
17,113,474,8,,,,,,,,,,,
18,116,286,3,,,,,,,,,,,
19,118,321,2,,,,,,,,,,,
20,124,280,6,,,,,,,,,,,
21,129,389,5,,,,,,,,,,,
22,136,211,7,,,,,,,,,,,
23,172,391,36,,,,,,,,,,,
24,188,383,16,,,,,,,,,,,
25,190,354,2,,,,,,,,,,,
26,192,320,2,,,,,,,,,,,
27,193,292,1,,,,,,,,,,,
28,194,233,1,,,,,,,,,,,
29,194,260,0,,,,,,,,,,,
30,218,382,24,,,,,,,,,,,
31,219,354,1,,,,,,,,,,,
32,222,233,3,,,,,,,,,,,
33,222,260,0,,,,,,,,,,,
34,223,323,1,,,,,,,,,,,
35,224,290,1,,,,,,,,,,,
36,228,389,4,,,,,,,,,,,
37,233,210,5,,,,,,,,,,,
38,235,198,2,,,,,,,,,,,
39,251,323,16,,,,,,,,,,,
40,251,352,0,,,,,,,,,,,
41,252,382,1,,,,,,,,,,,
42,253,262,1,,,,,,,,,,,
43,254,292,1,,,,,,,,,,,
44,255,233,1,,,,,,,,,,,
45,281,354,26,,,,,,,,,,,
46,281,382,0,,,,,,,,,,,
47,282,292,1,,,,,,,,,,,
48,283,233,1,,,,,,,,,,,
49,283,262,0,,,,,,,,,,,
50,284,323,1,,,,,,,,,,,
51,304,200,20,,,,,,,,,,,
52,304,473,0,,,,,,,,,,,
53,307,211,3,,,,,,,,,,,
54,312,323,5,,,,,,,,,,,
55,314,292,2,,,,,,,,,,,
56,314,354,0,,,,,,,,,,,
57,314,382,0,,,,,,,,,,,
58,315,234,1,,,,,,,,,,,
59,315,260,0,,,,,,,,,,,
60,339,234,24,,,,,,,,,,,
61,339,260,0,,,,,,,,,,,
62,339,293,0,,,,,,,,,,,
63,339,320,0,,,,,,,,,,,
64,339,381,0,,,,,,,,,,,
65,340,354,1,,,,,,,,,,,
66,378,383,38,,,,,,,,,,,
67,383,278,5,,,,,,,,,,,
68,433,466,50,,,,,,,,,,,
######################################,,,,,,,,,,,,,,
######################################,,,,,,,,,,,,,,
0,7,213,-313,,,,,,,,,,,
1,18,380,11,,,,,,,,,,,
2,21,276,3,,,,,,,,,,,
3,31,271,10,,,,,,,,,,,
4,37,359,6,,,,,,,,,,,
5,40,283,3,,,,,,,,,,,
6,50,253,10,,,,,,,,,,,
7,53,283,3,,,,,,,,,,,
8,53,342,0,,,,,,,,,,,
9,58,237,5,,,,,,,,,,,
10,65,252,7,,,,,,,,,,,
11,78,257,13,,,,,,,,,,,
12,79,280,1,,,,,,,,,,,
13,89,251,10,,,,,,,,,,,
14,90,433,1,,,,,,,,,,,
15,105,263,15,,,,,,,,,,,
16,110,285,5,,,,,,,,,,,
17,112,474,2,,,,,,,,,,,
18,124,284,12,,,,,,,,,,,
19,129,389,5,,,,,,,,,,,
20,136,211,7,,,,,,,,,,,
21,172,391,36,,,,,,,,,,,
22,188,383,16,,,,,,,,,,,
23,190,354,2,,,,,,,,,,,
24,192,320,2,,,,,,,,,,,
25,193,292,1,,,,,,,,,,,
26,194,233,1,,,,,,,,,,,
27,194,260,0,,,,,,,,,,,
28,218,382,24,,,,,,,,,,,
29,219,354,1,,,,,,,,,,,
30,222,233,3,,,,,,,,,,,
31,223,323,1,,,,,,,,,,,
32,224,260,1,,,,,,,,,,,
33,224,290,0,,,,,,,,,,,
34,227,390,3,,,,,,,,,,,
35,233,210,6,,,,,,,,,,,
36,235,199,2,,,,,,,,,,,
37,251,323,16,,,,,,,,,,,
38,251,352,0,,,,,,,,,,,
39,252,290,1,,,,,,,,,,,
40,252,382,0,,,,,,,,,,,
41,255,233,3,,,,,,,,,,,
42,255,260,0,,,,,,,,,,,
43,281,354,26,,,,,,,,,,,
44,281,382,0,,,,,,,,,,,
45,282,320,1,,,,,,,,,,,
46,283,233,1,,,,,,,,,,,
47,283,262,0,,,,,,,,,,,
48,284,290,1,,,,,,,,,,,
49,305,199,21,,,,,,,,,,,
50,307,210,2,,,,,,,,,,,
51,312,323,5,,,,,,,,,,,
52,312,354,0,,,,,,,,,,,
53,314,292,2,,,,,,,,,,,
54,314,382,0,,,,,,,,,,,
55,315,234,1,,,,,,,,,,,
56,315,260,0,,,,,,,,,,,
57,339,234,24,,,,,,,,,,,
58,339,260,0,,,,,,,,,,,
59,339,293,0,,,,,,,,,,,
60,339,320,0,,,,,,,,,,,
61,340,354,1,,,,,,,,,,,
62,340,382,0,,,,,,,,,,,
63,378,383,38,,,,,,,,,,,
64,381,215,3,,,,,,,,,,,
65,383,279,2,,,,,,,,,,,
66,434,466,51,,,,,,,,,,,
######################################,,,,,,,,,,,,,,
q######################################,,,,,,,,,,,,,,
0,7,213,-313,,,,,,,,,,,
1,18,380,11,,,,,,,,,,,
2,23,271,5,,,,,,,,,,,
3,35,271,12,,,,,,,,,,,
4,37,359,2,,,,,,,,,,,
5,40,283,3,,,,,,,,,,,
6,50,253,10,,,,,,,,,,,
7,53,283,3,,,,,,,,,,,
8,53,342,0,,,,,,,,,,,
9,58,237,5,,,,,,,,,,,
10,65,253,7,,,,,,,,,,,
11,78,257,13,,,,,,,,,,,
12,79,280,1,,,,,,,,,,,
13,89,251,10,,,,,,,,,,,
14,90,433,1,,,,,,,,,,,
15,105,263,15,,,,,,,,,,,
16,109,285,4,,,,,,,,,,,
17,124,284,15,,,,,,,,,,,
18,129,389,5,,,,,,,,,,,
19,136,211,7,,,,,,,,,,,
20,171,391,35,,,,,,,,,,,
21,188,383,17,,,,,,,,,,,
22,190,354,2,,,,,,,,,,,
23,192,320,2,,,,,,,,,,,
24,193,292,1,,,,,,,,,,,
25,194,233,1,,,,,,,,,,,
26,194,260,0,,,,,,,,,,,
27,218,382,24,,,,,,,,,,,
28,219,354,1,,,,,,,,,,,
29,222,233,3,,,,,,,,,,,
30,223,323,1,,,,,,,,,,,
31,224,260,1,,,,,,,,,,,
32,224,290,0,,,,,,,,,,,
33,228,389,4,,,,,,,,,,,
34,233,210,5,,,,,,,,,,,
35,235,199,2,,,,,,,,,,,
36,251,352,16,,,,,,,,,,,
37,252,382,1,,,,,,,,,,,
38,254,292,2,,,,,,,,,,,
39,254,320,0,,,,,,,,,,,
40,255,233,1,,,,,,,,,,,
41,255,260,0,,,,,,,,,,,
42,281,354,26,,,,,,,,,,,
43,281,382,0,,,,,,,,,,,
44,282,292,1,,,,,,,,,,,
45,283,233,1,,,,,,,,,,,
46,283,262,0,,,,,,,,,,,
47,284,323,1,,,,,,,,,,,
48,304,200,20,,,,,,,,,,,
49,307,210,3,,,,,,,,,,,
50,312,323,5,,,,,,,,,,,
51,313,262,1,,,,,,,,,,,
52,313,353,0,,,,,,,,,,,
53,314,292,1,,,,,,,,,,,
54,314,382,0,,,,,,,,,,,
55,315,234,1,,,,,,,,,,,
56,339,234,24,,,,,,,,,,,
57,339,260,0,,,,,,,,,,,
58,339,293,0,,,,,,,,,,,
59,339,320,0,,,,,,,,,,,
60,339,381,0,,,,,,,,,,,
61,340,354,1,,,,,,,,,,,
62,378,383,38,,,,,,,,,,,
63,381,214,3,,,,,,,,,,,
64,383,278,2,,,,,,,,,,,
65,433,466,50,,,,,,,,,,,
######################################,,,,,,,,,,,,,,
######################################,,,,,,,,,,,,,,
0,8,213,-312,,,,,,,,,,,
1,16,233,8,,,,,,,,,,,
2,18,382,2,,,,,,,,,,,
3,23,271,5,,,,,,,,,,,
4,34,271,11,,,,,,,,,,,
5,37,359,3,,,,,,,,,,,
6,40,283,3,,,,,,,,,,,
7,50,253,10,,,,,,,,,,,
8,53,283,3,,,,,,,,,,,
9,53,342,0,,,,,,,,,,,
10,58,237,5,,,,,,,,,,,
11,65,252,7,,,,,,,,,,,
12,68,276,3,,,,,,,,,,,
13,78,257,10,,,,,,,,,,,
14,79,280,1,,,,,,,,,,,
15,89,251,10,,,,,,,,,,,
16,90,433,1,,,,,,,,,,,
17,105,263,15,,,,,,,,,,,
18,109,285,4,,,,,,,,,,,
19,113,474,4,,,,,,,,,,,
20,124,284,11,,,,,,,,,,,
21,129,389,5,,,,,,,,,,,
22,136,211,7,,,,,,,,,,,
23,172,391,36,,,,,,,,,,,
24,188,383,16,,,,,,,,,,,
25,190,354,2,,,,,,,,,,,
26,192,320,2,,,,,,,,,,,
27,193,292,1,,,,,,,,,,,
28,194,233,1,,,,,,,,,,,
29,194,260,0,,,,,,,,,,,
30,218,382,24,,,,,,,,,,,
31,219,354,1,,,,,,,,,,,
32,222,233,3,,,,,,,,,,,
33,222,260,0,,,,,,,,,,,
34,223,323,1,,,,,,,,,,,
35,224,290,1,,,,,,,,,,,
36,228,389,4,,,,,,,,,,,
37,233,210,5,,,,,,,,,,,
38,235,199,2,,,,,,,,,,,
39,251,352,16,,,,,,,,,,,
40,252,382,1,,,,,,,,,,,
41,254,292,2,,,,,,,,,,,
42,254,320,0,,,,,,,,,,,
43,255,233,1,,,,,,,,,,,
44,255,260,0,,,,,,,,,,,
45,281,382,26,,,,,,,,,,,
46,282,292,1,,,,,,,,,,,
47,282,320,0,,,,,,,,,,,
48,282,353,0,,,,,,,,,,,
49,283,233,1,,,,,,,,,,,
50,283,262,0,,,,,,,,,,,
51,304,200,21,,,,,,,,,,,
52,304,473,0,,,,,,,,,,,
53,307,211,3,,,,,,,,,,,
54,312,323,5,,,,,,,,,,,
55,314,292,2,,,,,,,,,,,
56,314,353,0,,,,,,,,,,,
57,314,382,0,,,,,,,,,,,
58,315,234,1,,,,,,,,,,,
59,315,260,0,,,,,,,,,,,
60,339,234,24,,,,,,,,,,,
61,339,260,0,,,,,,,,,,,
62,339,293,0,,,,,,,,,,,
63,339,320,0,,,,,,,,,,,
64,339,381,0,,,,,,,,,,,
65,340,354,1,,,,,,,,,,,
66,378,383,38,,,,,,,,,,,
67,380,214,2,,,,,,,,,,,
68,383,278,3,,,,,,,,,,,
69,434,466,51,,,,,,,,,,,
70,551,16,117,,,,,,,,,,,
######################################,,,,,,,,,,,,,,
######################################,,,,,,,,,,,,,,
0,7,213,-313,,,,,,,,,,,
1,13,378,6,,,,,,,,,,,
2,15,233,2,,,,,,,,,,,
3,22,272,7,,,,,,,,,,,
4,33,272,11,,,,,,,,,,,
5,37,359,4,,,,,,,,,,,
6,40,283,3,,,,,,,,,,,
7,50,253,10,,,,,,,,,,,
8,53,283,3,,,,,,,,,,,
9,53,342,0,,,,,,,,,,,
10,59,239,6,,,,,,,,,,,
11,65,253,6,,,,,,,,,,,
12,67,276,2,,,,,,,,,,,
13,79,280,12,,,,,,,,,,,
14,81,258,2,,,,,,,,,,,
15,89,251,8,,,,,,,,,,,
16,90,433,1,,,,,,,,,,,
17,105,263,15,,,,,,,,,,,
18,108,452,3,,,,,,,,,,,
19,112,474,4,,,,,,,,,,,
20,116,286,4,,,,,,,,,,,
21,118,321,2,,,,,,,,,,,
22,125,280,7,,,,,,,,,,,
23,129,389,4,,,,,,,,,,,
24,136,211,7,,,,,,,,,,,
25,172,391,36,,,,,,,,,,,
26,188,383,16,,,,,,,,,,,
27,190,354,2,,,,,,,,,,,
28,192,320,2,,,,,,,,,,,
29,193,292,1,,,,,,,,,,,
30,194,233,1,,,,,,,,,,,
31,194,260,0,,,,,,,,,,,
32,218,382,24,,,,,,,,,,,
33,219,354,1,,,,,,,,,,,
34,222,233,3,,,,,,,,,,,
35,223,323,1,,,,,,,,,,,
36,224,260,1,,,,,,,,,,,
37,224,290,0,,,,,,,,,,,
38,227,390,3,,,,,,,,,,,
39,233,210,6,,,,,,,,,,,
40,235,198,2,,,,,,,,,,,
41,251,352,16,,,,,,,,,,,
42,252,382,1,,,,,,,,,,,
43,254,292,2,,,,,,,,,,,
44,254,320,0,,,,,,,,,,,
45,255,233,1,,,,,,,,,,,
46,255,260,0,,,,,,,,,,,
47,281,382,26,,,,,,,,,,,
48,283,233,2,,,,,,,,,,,
49,283,262,0,,,,,,,,,,,
50,283,352,0,,,,,,,,,,,
51,284,290,1,,,,,,,,,,,
52,284,323,0,,,,,,,,,,,
53,304,200,20,,,,,,,,,,,
54,305,473,1,,,,,,,,,,,
55,307,210,2,,,,,,,,,,,
56,312,323,5,,,,,,,,,,,
57,313,262,1,,,,,,,,,,,
58,314,292,1,,,,,,,,,,,
59,314,353,0,,,,,,,,,,,
60,314,382,0,,,,,,,,,,,
61,315,234,1,,,,,,,,,,,
62,339,234,24,,,,,,,,,,,
63,339,260,0,,,,,,,,,,,
64,339,293,0,,,,,,,,,,,
65,339,320,0,,,,,,,,,,,
66,339,381,0,,,,,,,,,,,
67,340,354,1,,,,,,,,,,,
68,378,383,38,,,,,,,,,,,
69,380,214,2,,,,,,,,,,,
70,383,277,3,,,,,,,,,,,
71,433,466,50,,,,,,,,,,,
######################################,,,,,,,,,,,,,,
######################################,,,,,,,,,,,,,,
0,7,213,-313,,,,,,,,,,,
1,13,378,6,,,,,,,,,,,
2,23,271,10,,,,,,,,,,,
3,36,271,13,,,,,,,,,,,
4,37,359,1,,,,,,,,,,,
5,40,283,3,,,,,,,,,,,
6,43,248,3,,,,,,,,,,,
7,53,283,10,,,,,,,,,,,
8,53,342,0,,,,,,,,,,,
9,58,237,5,,,,,,,,,,,
10,65,252,7,,,,,,,,,,,
11,78,257,13,,,,,,,,,,,
12,79,280,1,,,,,,,,,,,
13,89,251,10,,,,,,,,,,,
14,90,433,1,,,,,,,,,,,
15,105,263,15,,,,,,,,,,,
16,109,285,4,,,,,,,,,,,
17,112,474,3,,,,,,,,,,,
18,124,284,12,,,,,,,,,,,
19,129,389,5,,,,,,,,,,,
20,136,211,7,,,,,,,,,,,
21,172,391,36,,,,,,,,,,,
22,188,383,16,,,,,,,,,,,
23,190,354,2,,,,,,,,,,,
24,192,320,2,,,,,,,,,,,
25,193,292,1,,,,,,,,,,,
26,194,233,1,,,,,,,,,,,
27,194,260,0,,,,,,,,,,,
28,218,382,24,,,,,,,,,,,
29,219,354,1,,,,,,,,,,,
30,222,233,3,,,,,,,,,,,
31,222,260,0,,,,,,,,,,,
32,222,290,0,,,,,,,,,,,
33,223,323,1,,,,,,,,,,,
34,228,389,5,,,,,,,,,,,
35,233,210,5,,,,,,,,,,,
36,235,198,2,,,,,,,,,,,
37,251,352,16,,,,,,,,,,,
38,252,290,1,,,,,,,,,,,
39,252,382,0,,,,,,,,,,,
40,254,320,2,,,,,,,,,,,
41,255,233,1,,,,,,,,,,,
42,255,260,0,,,,,,,,,,,
43,281,354,26,,,,,,,,,,,
44,281,382,0,,,,,,,,,,,
45,282,292,1,,,,,,,,,,,
46,283,233,1,,,,,,,,,,,
47,283,262,0,,,,,,,,,,,
48,284,323,1,,,,,,,,,,,
49,304,200,20,,,,,,,,,,,
50,307,211,3,,,,,,,,,,,
51,312,323,5,,,,,,,,,,,
52,312,352,0,,,,,,,,,,,
53,313,262,1,,,,,,,,,,,
54,314,292,1,,,,,,,,,,,
55,314,382,0,,,,,,,,,,,
56,315,234,1,,,,,,,,,,,
57,339,234,24,,,,,,,,,,,
58,339,260,0,,,,,,,,,,,
59,339,293,0,,,,,,,,,,,
60,339,320,0,,,,,,,,,,,
61,339,381,0,,,,,,,,,,,
62,340,354,1,,,,,,,,,,,
63,378,383,38,,,,,,,,,,,
64,380,214,2,,,,,,,,,,,
65,383,278,3,,,,,,,,,,,
66,434,466,51,,,,,,,,,,,
######################################,,,,,,,,,,,,,,
######################################,,,,,,,,,,,,,,
0,8,213,-312,,,,,,,,,,,
1,16,234,8,320,,,,,,,,,,
2,18,380,2,-6,,,,,,,,,,
3,23,271,5,3,,,,,,,,,,
4,34,271,11,6,,,,,,,,,,
5,37,359,3,-8,,,,,,,,,,
6,40,283,3,0,,,,,,,,,,
7,50,253,10,7,,,,,,,,,,
8,53,283,3,-7,,,,,,,,,,
9,58,237,5,2,,,,,,,,,,
10,65,253,7,2,,,,,,,,,,
11,78,257,13,6,,,,,,,,,,
12,79,280,1,-12,,,,,,,,,,
13,89,251,10,9,,,,,,,,,,
14,90,433,1,-9,,,,,,,,,,
15,105,263,15,14,,,,,,,,,,
16,109,285,4,-11,,,,,,,,,,
17,112,474,3,-1,,,,,,,,,,
18,124,284,12,9,,,,,,,,,,
19,129,389,5,-7,,,,,,,,,,
20,136,211,7,2,,,,,,,,,,
21,172,391,36,29,,,,,,,,,,
22,188,383,16,-20,,,,,,,,,,
23,190,354,2,-14,,,,,,,,,,
24,192,320,2,0,,,,,,,,,,
25,193,292,1,-1,,,,,,,,,,
26,194,233,1,0,,,,,,,,,,
27,194,260,0,-1,,,,,,,,,,
28,218,382,24,24,,,,,,,,,,
29,219,354,1,-23,,,,,,,,,,
30,222,233,3,2,,,,,,,,,,
31,222,260,0,-3,,,,,,,,,,
32,223,323,1,1,,,,,,,,,,
33,224,290,1,0,,,,,,,,,,
34,227,390,3,2,,,,,,,,,,
35,233,210,6,3,,,,,,,,,,
36,235,199,2,-4,,,,,,,,,,
37,251,323,16,14,,,,,,,,,,
38,251,352,0,-16,,,,,,,,,,
39,252,382,1,1,,,,,,,,,,
40,254,292,2,1,,,,,,,,,,
41,255,233,1,-1,,,,,,,,,,
42,255,260,0,-1,,,,,,,,,,
43,281,382,26,26,,,,,,,,,,
44,282,292,1,-25,,,,,,,,,,
45,282,320,0,-1,,,,,,,,,,
46,282,353,0,0,,,,,,,,,,
47,283,233,1,1,,,,,,,,,,
48,283,262,0,-1,,,,,,,,,,
49,305,199,22,22,,,,,,,,,,
50,307,210,2,-20,,,,,,,,,,
51,312,323,5,3,,,,,,,,,,
52,313,262,1,-4,,,,,,,,,,
53,314,292,1,0,,,,,,,,,,
54,314,354,0,-1,,,,,,,,,,
55,314,382,0,0,,,,,,,,,,
56,315,234,1,1,,,,,,,,,,
57,339,234,24,23,,,,,,,,,,
58,339,260,0,-24,,,,,,,,,,
59,339,293,0,0,,,,,,,,,,
60,339,320,0,0,,,,,,,,,,
61,339,381,0,0,,,,,,,,,,
62,340,354,1,1,,,,,,,,,,
63,378,383,38,37,,,,,,,,,,
64,380,213,2,-36,,,,,,,,,,
65,383,278,3,1,,,,,,,,,,
66,434,466,51,48,,,,,,,,,,
,,,6.454545455,,,,,,,,,,,
######################################,,,,,,,,,,,,,,
######################################,,,,,,,,,,,,,,
0,7,213,-313,,,,,,,,,,,
1,13,378,6,,,,,,,,,,,
2,16,233,3,,,,,,,,,,,
3,21,276,5,,,,,,,,,,,
4,31,271,10,,,,,,,,,,,
5,37,359,6,,,,,,,,,,,
6,40,283,3,,,,,,,,,,,
7,43,248,3,,,,,,,,,,,
8,53,283,10,,,,,,,,,,,
9,58,237,5,,,,,,,,,,,
10,65,252,7,,,,,,,,,,,
11,78,257,13,,,,,,,,,,,
12,79,280,1,,,,,,,,,,,
13,86,264,7,,,,,,,,,,,
14,89,251,3,,,,,,,,,,,
15,90,433,1,,,,,,,,,,,
16,105,263,15,,,,,,,,,,,
17,112,468,7,,,,,,,,,,,
18,116,286,4,,,,,,,,,,,
19,126,288,10,,,,,,,,,,,
20,129,389,3,,,,,,,,,,,
21,136,211,7,,,,,,,,,,,
22,172,391,36,,,,,,,,,,,
23,188,383,16,,,,,,,,,,,
24,190,354,2,,,,,,,,,,,
25,192,320,2,,,,,,,,,,,
26,193,292,1,,,,,,,,,,,
27,194,233,1,,,,,,,,,,,
28,194,260,0,,,,,,,,,,,
29,218,382,24,,,,,,,,,,,
30,219,354,1,,,,,,,,,,,
31,222,233,3,,,,,,,,,,,
32,222,260,0,,,,,,,,,,,
33,223,323,1,,,,,,,,,,,
34,224,290,1,,,,,,,,,,,
35,228,389,4,,,,,,,,,,,
36,233,210,5,,,,,,,,,,,
37,235,198,2,,,,,,,,,,,
38,251,323,16,,,,,,,,,,,
39,251,352,0,,,,,,,,,,,
40,252,382,1,,,,,,,,,,,
41,253,262,1,,,,,,,,,,,
42,254,292,1,,,,,,,,,,,
43,255,233,1,,,,,,,,,,,
44,281,354,26,,,,,,,,,,,
45,281,382,0,,,,,,,,,,,
46,283,233,2,,,,,,,,,,,
47,283,262,0,,,,,,,,,,,
48,284,290,1,,,,,,,,,,,
49,284,323,0,,,,,,,,,,,
50,304,200,20,,,,,,,,,,,
51,307,210,3,,,,,,,,,,,
52,312,323,5,,,,,,,,,,,
53,314,292,2,,,,,,,,,,,
54,314,352,0,,,,,,,,,,,
55,314,382,0,,,,,,,,,,,
56,315,234,1,,,,,,,,,,,
57,315,260,0,,,,,,,,,,,
58,339,234,24,,,,,,,,,,,
59,339,260,0,,,,,,,,,,,
60,339,293,0,,,,,,,,,,,
61,339,320,0,,,,,,,,,,,
62,339,381,0,,,,,,,,,,,
63,340,354,1,,,,,,,,,,,
64,378,383,38,,,,,,,,,,,
65,380,213,2,,,,,,,,,,,
66,383,279,3,,,,,,,,,,,
67,434,466,51,,,,,,,,,,,
68,551,12,117,,,,,,,,,,,
,213.6956522,296.1014493,,,,,,,,,,,,
######################################,,,,,,,,,,,,,,
Frames per Second: 4.995341743118008,,,,,,,,,,,,,,
,,,,,,,,,,,,,,
,,,,,,,,,,,,,,
1,44,299,4,,,,,,,,,,,
2,47,349,3,,,,,,,,,,,
3,53,283,6,,,,,,,,,,,
4,80,279,27,,,,,,,,,,,
5,173,406,93,,,,,,,,,,,
6,173,424,0,,,,,,,,,,,
7,173,437,0,,,,,,,,,,,
8,174,375,1,,,,,,,,,,,
9,174,393,0,,,,,,,,,,,
10,175,344,1,,,,,,,,,,,
11,175,362,0,,,,,,,,,,,
12,187,407,12,,,,,,,,,,,
13,188,376,1,,,,,,,,,,,
14,188,421,0,,,,,,,,,,,
15,188,438,0,,,,,,,,,,,
16,188,452,0,,,,,,,,,,,
17,189,346,1,,,,,,,,,,,
18,189,361,0,,,,,,,,,,,
19,189,390,0,,,,,,,,,,,
20,192,331,3,,,,,,,,,,,
21,201,451,9,,,,,,,,,,,
22,202,422,1,,,,,,,,,,,
23,202,437,0,,,,,,,,,,,
24,203,391,1,,,,,,,,,,,
25,203,406,0,,,,,,,,,,,
26,204,360,1,,,,,,,,,,,
27,205,374,1,,,,,,,,,,,
28,206,345,1,,,,,,,,,,,
29,207,330,1,,,,,,,,,,,
30,217,437,10,,,,,,,,,,,
31,218,405,1,,,,,,,,,,,
32,219,345,1,,,,,,,,,,,
33,219,375,0,,,,,,,,,,,
34,219,420,0,,,,,,,,,,,
35,219,450,0,,,,,,,,,,,
36,220,329,1,,,,,,,,,,,
37,220,390,0,,,,,,,,,,,
38,221,358,1,,,,,,,,,,,
39,233,390,12,,,,,,,,,,,
40,233,403,0,,,,,,,,,,,
41,234,359,1,,,,,,,,,,,
42,234,374,0,,,,,,,,,,,
43,234,434,0,,,,,,,,,,,
44,235,418,1,,,,,,,,,,,
45,236,329,1,,,,,,,,,,,
46,236,343,0,,,,,,,,,,,
47,247,435,11,,,,,,,,,,,
48,248,374,1,,,,,,,,,,,
49,248,389,0,,,,,,,,,,,
50,248,404,0,,,,,,,,,,,
51,248,419,0,,,,,,,,,,,
52,249,329,1,,,,,,,,,,,
53,249,357,0,,,,,,,,,,,
54,249,448,0,,,,,,,,,,,
55,251,342,2,,,,,,,,,,,
56,262,419,11,,,,,,,,,,,
57,262,448,0,,,,,,,,,,,
58,263,344,1,,,,,,,,,,,
59,263,358,0,,,,,,,,,,,
60,263,373,0,,,,,,,,,,,
61,263,388,0,,,,,,,,,,,
62,263,403,0,,,,,,,,,,,
63,264,432,1,,,,,,,,,,,
64,266,329,2,,,,,,,,,,,
65,277,356,11,,,,,,,,,,,
66,277,373,0,,,,,,,,,,,
67,277,403,0,,,,,,,,,,,
68,277,416,0,,,,,,,,,,,
69,278,328,1,,,,,,,,,,,
70,279,386,1,,,,,,,,,,,
71,279,431,0,,,,,,,,,,,
72,279,447,0,,,,,,,,,,,
73,280,341,1,,,,,,,,,,,
74,291,415,11,,,,,,,,,,,
75,291,433,0,,,,,,,,,,,
76,292,343,1,,,,,,,,,,,
77,292,356,0,,,,,,,,,,,
78,292,372,0,,,,,,,,,,,
79,292,385,0,,,,,,,,,,,
80,292,402,0,,,,,,,,,,,
######################################,,,,,,,,,,,,,,
######################################,,,,,,,,,,,,,,
###################################### udx :  -0.345679012345679,,,,,,,,,,,,,,
1,44,299,4,,,,,,,,,,,
2,47,348,3,3,,,,,,,,,,
3,53,283,6,6,,,,,,,,,,
4,80,279,27,27,,,,,,,,,,
5,173,406,93,93,,,,,,,,,,
6,173,424,0,0,,,,,,,,,,
7,173,437,0,0,,,,,,,,,,
8,174,375,1,1,,,,,,,,,,
9,174,393,0,0,,,,,,,,,,
10,175,344,1,1,,,,,,,,,,
11,175,362,0,0,,,,,,,,,,
12,186,438,11,11,,,,,,,,,,
13,187,407,1,1,,,,,,,,,,
14,187,421,0,0,,,,,,,,,,
15,188,376,1,1,,,,,,,,,,
16,188,452,0,0,,,,,,,,,,
17,189,346,1,1,,,,,,,,,,
18,189,361,0,0,,,,,,,,,,
19,189,390,0,0,,,,,,,,,,
20,192,331,3,3,,,,,,,,,,
21,201,451,9,9,,,,,,,,,,
22,202,422,1,1,,,,,,,,,,
23,202,437,0,0,,,,,,,,,,
24,203,391,1,1,,,,,,,,,,
25,203,406,0,0,,,,,,,,,,
26,204,360,1,1,,,,,,,,,,
27,204,375,0,0,,,,,,,,,,
28,206,344,2,2,,,,,,,,,,
29,207,330,1,1,,,,,,,,,,
30,217,437,10,10,,,,,,,,,,
31,218,405,1,1,,,,,,,,,,
32,218,420,0,0,,,,,,,,,,
33,219,330,1,1,,,,,,,,,,
34,219,345,0,0,,,,,,,,,,
35,219,360,0,0,,,,,,,,,,
36,219,375,0,0,,,,,,,,,,
37,219,450,0,0,,,,,,,,,,
38,220,390,1,1,,,,,,,,,,
39,232,449,12,12,,,,,,,,,,
40,233,390,1,1,,,,,,,,,,
41,233,403,0,0,,,,,,,,,,
42,233,420,0,0,,,,,,,,,,
43,234,374,1,1,,,,,,,,,,
44,234,434,0,0,,,,,,,,,,
45,236,329,2,2,,,,,,,,,,
46,236,343,0,0,,,,,,,,,,
47,236,357,0,0,,,,,,,,,,
48,247,435,11,11,,,,,,,,,,
49,248,374,1,1,,,,,,,,,,
50,248,404,0,0,,,,,,,,,,
51,248,419,0,0,,,,,,,,,,
52,249,329,1,1,,,,,,,,,,
53,249,357,0,0,,,,,,,,,,
54,249,448,0,0,,,,,,,,,,
55,250,387,1,1,,,,,,,,,,
56,251,342,1,1,,,,,,,,,,
57,262,419,11,11,,,,,,,,,,
58,263,344,1,1,,,,,,,,,,
59,263,358,0,0,,,,,,,,,,
60,263,388,0,0,,,,,,,,,,
61,263,403,0,0,,,,,,,,,,
62,264,432,1,1,,,,,,,,,,
63,265,371,1,1,,,,,,,,,,
64,266,329,1,1,,,,,,,,,,
65,277,373,11,11,,,,,,,,,,
66,277,403,0,0,,,,,,,,,,
67,278,328,1,1,,,,,,,,,,
68,279,358,1,1,,,,,,,,,,
69,279,386,0,0,,,,,,,,,,
70,279,418,0,0,,,,,,,,,,
71,279,431,0,0,,,,,,,,,,
72,279,446,0,0,,,,,,,,,,
73,280,341,1,1,,,,,,,,,,
74,291,415,11,11,,,,,,,,,,
75,291,433,0,0,,,,,,,,,,
76,292,343,1,1,,,,,,,,,,
77,292,356,0,0,,,,,,,,,,
78,292,372,0,0,,,,,,,,,,
79,292,385,0,0,,,,,,,,,,
80,292,402,0,0,,,,,,,,,,
,224.25,384.1,3.15,,,,,,,,,,,
######################################,,,,,,,,,,,,,,
######################################,,,,,,,,,,,,,,
###################################### udx :  -0.345679012345679,,,,,,,,,,,,,,
1,42,312,2,,,,,,,,,,,
2,44,299,2,,,,,,,,,,,
3,47,340,3,,,,,,,,,,,
4,53,283,6,,,,,,,,,,,
5,80,279,27,,,,,,,,,,,
6,173,406,93,,,,,,,,,,,
7,173,437,0,,,,,,,,,,,
8,174,375,1,,,,,,,,,,,
9,174,393,0,,,,,,,,,,,
10,175,344,1,,,,,,,,,,,
11,175,362,0,,,,,,,,,,,
12,187,407,12,,,,,,,,,,,
13,188,376,1,,,,,,,,,,,
14,188,421,0,,,,,,,,,,,
15,188,438,0,,,,,,,,,,,
16,188,452,0,,,,,,,,,,,
17,189,346,1,,,,,,,,,,,
18,189,361,0,,,,,,,,,,,
19,189,390,0,,,,,,,,,,,
20,192,331,3,,,,,,,,,,,
21,201,451,9,,,,,,,,,,,
22,202,422,1,,,,,,,,,,,
23,202,437,0,,,,,,,,,,,
24,203,391,1,,,,,,,,,,,
25,203,406,0,,,,,,,,,,,
26,204,360,1,,,,,,,,,,,
27,205,374,1,,,,,,,,,,,
28,206,344,1,,,,,,,,,,,
29,207,330,1,,,,,,,,,,,
30,217,437,10,,,,,,,,,,,
31,218,388,1,,,,,,,,,,,
32,218,405,0,,,,,,,,,,,
33,219,330,1,,,,,,,,,,,
34,219,345,0,,,,,,,,,,,
35,219,360,0,,,,,,,,,,,
36,219,375,0,,,,,,,,,,,
37,219,420,0,,,,,,,,,,,
38,219,450,0,,,,,,,,,,,
39,233,390,14,,,,,,,,,,,
40,233,403,0,,,,,,,,,,,
41,233,420,0,,,,,,,,,,,
42,234,359,1,,,,,,,,,,,
43,234,374,0,,,,,,,,,,,
44,234,434,0,,,,,,,,,,,
45,236,329,2,,,,,,,,,,,
46,236,343,0,,,,,,,,,,,
47,247,435,11,,,,,,,,,,,
48,248,374,1,,,,,,,,,,,
49,248,389,0,,,,,,,,,,,
50,248,404,0,,,,,,,,,,,
51,248,419,0,,,,,,,,,,,
52,249,329,1,,,,,,,,,,,
53,249,449,0,,,,,,,,,,,
54,251,342,2,,,,,,,,,,,
55,251,359,0,,,,,,,,,,,
56,262,419,11,,,,,,,,,,,
57,262,448,0,,,,,,,,,,,
58,263,344,1,,,,,,,,,,,
59,263,403,0,,,,,,,,,,,
60,264,432,1,,,,,,,,,,,
61,265,357,1,,,,,,,,,,,
62,265,371,0,,,,,,,,,,,
63,265,386,0,,,,,,,,,,,
64,266,329,1,,,,,,,,,,,
65,277,373,11,,,,,,,,,,,
66,277,403,0,,,,,,,,,,,
67,277,416,0,,,,,,,,,,,
68,278,328,1,,,,,,,,,,,
69,278,358,0,,,,,,,,,,,
70,279,386,1,,,,,,,,,,,
71,279,431,0,,,,,,,,,,,
72,279,447,0,,,,,,,,,,,
73,280,341,1,,,,,,,,,,,
74,291,433,11,,,,,,,,,,,
75,292,343,1,,,,,,,,,,,
76,292,356,0,,,,,,,,,,,
77,292,372,0,,,,,,,,,,,
78,292,385,0,,,,,,,,,,,
79,292,402,0,,,,,,,,,,,
80,292,415,0,,,,,,,,,,,
VV,,,,,,,,,,,,,,
,,,,,,,,,,,,,,
1,23,359,12,,,,,,,,,,,
,23,359,12,,,,,,23,359,12,,,
2,36,427,13,13,,,,,36,427,13,13,68,1
,36,427,13,,,,,,47.33333333,226,4.666666667,11.33333333,-201,-8.333333333
3,45,48,9,9,,,,,66,266,16,18.66666667,40,11.33333333
3,47,266,2,2,,,,,79.5,260.5,7,13.5,-5.5,-9
3,50,364,3,3,,,,,94,327,14,14.5,66.5,7
,47.33333333,226,4.666666667,,,,,,132,319.5,19.5,38,-7.5,5.5
4,66,266,16,16,,,,,139.5,278,3.5,7.5,-41.5,-16
,66,266,16,,,,,,151,284,11,11.5,6,7.5
5,79,250,13,13,,,,,175,280,24,24,-4,13
5,80,271,1,1,,,,,262,364.5,43.5,87,84.5,19.5
,79.5,260.5,7,,,,,,276.2857143,398.8571429,2.285714286,14.28571429,34.35714286,-41.21428571
6,94,327,14,14,,,,,292.25,389.75,2,15.96428571,-9.107142857,-0.285714286
,94,327,14,,,,,,308.8888889,397.2222222,1.888888889,16.63888889,7.472222222,-0.111111111
7,131,337,37,37,,,,,324.75,389.375,1.875,15.86111111,-7.847222222,-0.013888889
7,133,302,2,2,,,,,340.875,389.75,2.125,16.125,0.375,0.25
,132,319.5,19.5,,,,,,356.625,388.875,2,15.75,-0.875,-0.125
8,139,283,6,6,,,,,372,388.25,2,15.375,-0.625,0
8,140,273,1,1,,,,,387.4285714,396.5714286,2.142857143,15.42857143,8.321428571,0.142857143
,139.5,278,3.5,,,,,,,,,,,
9,151,284,11,11,,,,,203.3913952,343.692147,9.709690894,15.67857143,,
,151,284,11,,,,,,,,,,,
10,175,280,24,24,,,,,,,,,,
,175,280,24,,,,,,,,,,,
11,262,348,87,87,,,,,,,,,,
11,262,381,0,0,,,,,,,,,,
,262,364.5,43.5,,,,,,,,,,,
12,276,350,14,14,,,,,,,,,,
12,276,364,0,0,,,,,,,,,,
12,276,382,0,0,,,,,,,,,,
12,276,399,0,0,,,,,,,,,,
12,276,416,0,0,,,,,,,,,,
12,276,450,0,0,,,,,,,,,,
12,278,431,2,2,,,,,,,,,,
,276.2857143,398.8571429,2.285714286,,,,,,,,,,,
13,291,347,13,13,,,,,,,,,,
13,292,364,1,1,,,,,,,,,,
13,292,397,0,0,,,,,,,,,,
13,292,414,0,0,,,,,,,,,,
13,292,433,0,0,,,,,,,,,,
13,292,448,0,0,,,,,,,,,,
13,293,333,1,1,,,,,,,,,,
13,294,382,1,1,,,,,,,,,,
,292.25,389.75,2,,,,,,,,,,,
14,307,332,13,13,,,,,,,,,,
14,307,363,0,0,,,,,,,,,,
14,308,398,1,1,,,,,,,,,,
14,308,430,0,0,,,,,,,,,,
14,309,347,1,1,,,,,,,,,,
14,310,379,1,1,,,,,,,,,,
14,310,413,0,0,,,,,,,,,,
14,310,448,0,0,,,,,,,,,,
14,311,465,1,1,,,,,,,,,,
,308.8888889,397.2222222,1.888888889,,,,,,,,,,,
15,323,379,12,12,,,,,,,,,,
15,324,332,1,1,,,,,,,,,,
15,324,398,0,0,,,,,,,,,,
15,325,349,1,1,,,,,,,,,,
15,325,363,0,0,,,,,,,,,,
15,325,449,0,0,,,,,,,,,,
15,326,415,1,1,,,,,,,,,,
15,326,430,0,0,,,,,,,,,,
,324.75,389.375,1.875,,,,,,,,,,,
16,338,349,12,12,,,,,,,,,,
16,340,415,2,2,,,,,,,,,,
16,341,333,1,1,,,,,,,,,,
16,341,365,0,0,,,,,,,,,,
16,341,379,0,0,,,,,,,,,,
16,341,447,0,0,,,,,,,,,,
16,342,398,1,1,,,,,,,,,,
16,343,432,1,1,,,,,,,,,,
,340.875,389.75,2.125,,,,,,,,,,,
17,354,348,11,11,,,,,,,,,,
17,354,365,0,0,,,,,,,,,,
17,355,332,1,1,,,,,,,,,,
17,357,381,2,2,,,,,,,,,,
17,357,397,0,0,,,,,,,,,,
17,358,412,1,1,,,,,,,,,,
17,359,429,1,1,,,,,,,,,,
17,359,447,0,0,,,,,,,,,,
,356.625,388.875,2,,,,,,,,,,,
18,369,331,10,10,,,,,,,,,,
18,371,346,2,2,,,,,,,,,,
18,371,379,0,0,,,,,,,,,,
18,371,395,0,0,,,,,,,,,,
18,372,364,1,1,,,,,,,,,,
18,372,412,0,0,,,,,,,,,,
18,375,431,3,3,,,,,,,,,,
18,375,448,0,0,,,,,,,,,,
,372,388.25,2,,,,,,,,,,,
19,385,348,10,10,,,,,,,,,,
19,386,362,1,1,,,,,,,,,,
19,387,380,1,1,,,,,,,,,,
19,387,395,0,0,,,,,,,,,,
19,388,414,1,1,,,,,,,,,,
19,389,429,1,1,,,,,,,,,,
19,390,448,1,1,,,,,,,,,,
,387.4285714,396.5714286,2.142857143,,,,,,,,,,,
,268.4490606,366.4344833,5.727972141,,,,,,,,,,,
######################################,,,,,,,,,,,,,,
######################################,,,,,,,,,,,,,,
###################################### udx :  367 80 81,,,,,,,,,,,,,,
###################################### udx :  4.530864197530864,,,,,,,,,,,,,,
1,33,367,10,,,,,,,,,,,
1,36,179,3,3,,,,,,,,,,
1,36,427,0,0,,,,,,,,,,
2,45,48,9,9,,,,,,,,,,
2,47,266,2,2,,,,,,,,,,
2,50,364,3,3,,,,,,,,,,
3,66,266,16,16,,,,,,,,,,
4,79,250,13,13,,,,,,,,,,
4,80,267,1,1,,,,,,,,,,
5,94,327,14,14,,,,,,,,,,
6,131,337,37,37,,,,,,,,,,
6,133,302,2,2,,,,,,,,,,
7,139,283,6,6,,,,,,,,,,
7,140,273,1,1,,,,,,,,,,
8,151,284,11,11,,,,,,,,,,
9,175,280,24,24,,,,,,,,,,
10,262,348,87,87,,,,,,,,,,
10,262,367,0,0,,,,,,,,,,
11,276,350,14,14,,,,,,,,,,
11,276,366,0,0,,,,,,,,,,
11,276,382,0,0,,,,,,,,,,
11,276,416,0,0,,,,,,,,,,
11,276,450,0,0,,,,,,,,,,
11,278,397,2,2,,,,,,,,,,
11,278,431,0,0,,,,,,,,,,
12,291,347,13,13,,,,,,,,,,
12,292,364,1,1,,,,,,,,,,
12,292,397,0,0,,,,,,,,,,
12,292,414,0,0,,,,,,,,,,
12,292,448,0,0,,,,,,,,,,
12,294,382,2,2,,,,,,,,,,
12,294,431,0,0,,,,,,,,,,
13,307,332,13,13,,,,,,,,,,
13,307,349,0,0,,,,,,,,,,
13,307,382,0,0,,,,,,,,,,
13,308,398,1,1,,,,,,,,,,
13,308,430,0,0,,,,,,,,,,
13,309,365,1,1,,,,,,,,,,
13,309,448,0,0,,,,,,,,,,
13,310,413,1,1,,,,,,,,,,
14,323,365,13,13,,,,,,,,,,
14,323,379,0,0,,,,,,,,,,
14,324,332,1,1,,,,,,,,,,
14,324,398,0,0,,,,,,,,,,
14,324,413,0,0,,,,,,,,,,
14,325,349,1,1,,,,,,,,,,
14,325,449,0,0,,,,,,,,,,
14,326,430,1,1,,,,,,,,,,
15,338,332,12,12,,,,,,,,,,
15,338,349,0,0,,,,,,,,,,
15,341,365,3,3,,,,,,,,,,
15,341,379,0,0,,,,,,,,,,
15,342,398,1,1,,,,,,,,,,
15,342,412,0,0,,,,,,,,,,
15,342,430,0,0,,,,,,,,,,
15,343,447,1,1,,,,,,,,,,
15,344,464,1,1,,,,,,,,,,
16,354,348,10,10,,,,,,,,,,
16,354,365,0,0,,,,,,,,,,
16,355,332,1,1,,,,,,,,,,
16,357,381,2,2,,,,,,,,,,
16,357,397,0,0,,,,,,,,,,
16,357,430,0,0,,,,,,,,,,
16,358,414,1,1,,,,,,,,,,
16,359,447,1,1,,,,,,,,,,
17,369,331,10,10,,,,,,,,,,
17,371,346,2,2,,,,,,,,,,
17,371,379,0,0,,,,,,,,,,
17,371,395,0,0,,,,,,,,,,
17,372,364,1,1,,,,,,,,,,
17,372,412,0,0,,,,,,,,,,
17,374,447,2,2,,,,,,,,,,
17,375,431,1,1,,,,,,,,,,
18,385,348,10,10,,,,,,,,,,
18,386,362,1,1,,,,,,,,,,
18,387,381,1,1,,,,,,,,,,
18,387,395,0,0,,,,,,,,,,
18,388,414,1,1,,,,,,,,,,
18,389,429,1,1,,,,,,,,,,
18,390,448,1,1,,,,,,,,,,
,282.625,370.175,4.5875,,,,,,,,,,,
